{
    "f1_score_weighted": 0.779275203581123,
    "accuracy": 0.782608695652174,
    "f1_score_no": 0.8192771084337349,
    "f1_score_yes": 0.7272727272727273
}