{
    "f1_score_weighted": 0.754122000326495,
    "accuracy": 0.7565217391304347,
    "f1_score_no": 0.7941176470588235,
    "f1_score_yes": 0.7021276595744681
}