{
    "f1_score_weighted": 0.7786656671664168,
    "accuracy": 0.7797101449275362,
    "f1_score_no": 0.81,
    "f1_score_yes": 0.7379310344827587
}