{
    "f1_score_weighted": 0.7803085988438231,
    "accuracy": 0.782608695652174,
    "f1_score_no": 0.8166259168704156,
    "f1_score_yes": 0.7330960854092526
}