{
    "f1_score_weighted": 0.7537645811240722,
    "accuracy": 0.7565217391304347,
    "f1_score_no": 0.7951219512195122,
    "f1_score_yes": 0.7
}