{
    "f1_score_weighted": 0.7741139241226259,
    "accuracy": 0.7768115942028986,
    "f1_score_no": 0.8126520681265207,
    "f1_score_yes": 0.7240143369175627
}