{
    "F1_Aggregate_Token": 0.35637565408978245,
    "Precision_Aggregate_Token": 0.38261383796570075,
    "Recall_Aggregate_Token": 0.33350515463917524,
    "F1_Macro_Token": 0.3451870624583321,
    "F1_Action_Token": 0.31927023945267957,
    "Precision_Action_Token": 0.3076923076923077,
    "Recall_Action_Token": 0.33175355450236965,
    "F1_Actor_Token": 0.43676069153776154,
    "Precision_Actor_Token": 0.5031446540880503,
    "Recall_Actor_Token": 0.3858520900321543,
    "F1_Effect_Token": 0.3019480519480519,
    "Precision_Effect_Token": 0.3217993079584775,
    "Recall_Effect_Token": 0.28440366972477066,
    "F1_Evidence_Token": 0.2573099415204678,
    "Precision_Evidence_Token": 0.28085106382978725,
    "Recall_Evidence_Token": 0.23741007194244604,
    "F1_Victim_Token": 0.4106463878326996,
    "Precision_Victim_Token": 0.4595744680851064,
    "Recall_Victim_Token": 0.3711340206185567
}