{
    "F1_Aggregate_Token": 0.37973997833152756,
    "Precision_Aggregate_Token": 0.4001141552511416,
    "Recall_Aggregate_Token": 0.361340206185567,
    "F1_Macro_Token": 0.36677353502728854,
    "F1_Action_Token": 0.33763188745603756,
    "Precision_Action_Token": 0.33410672853828305,
    "Recall_Action_Token": 0.3412322274881517,
    "F1_Actor_Token": 0.47560975609756106,
    "Precision_Actor_Token": 0.5190114068441065,
    "Recall_Actor_Token": 0.43890675241157556,
    "F1_Effect_Token": 0.2946708463949843,
    "Precision_Effect_Token": 0.3022508038585209,
    "Recall_Effect_Token": 0.2874617737003058,
    "F1_Evidence_Token": 0.2915129151291513,
    "Precision_Evidence_Token": 0.29924242424242425,
    "Recall_Evidence_Token": 0.2841726618705036,
    "F1_Victim_Token": 0.4344422700587084,
    "Precision_Victim_Token": 0.5045454545454545,
    "Recall_Victim_Token": 0.38144329896907214
}