{
    "f1_score_weighted": 0.7706364209199749,
    "accuracy": 0.7739130434782608,
    "f1_score_no": 0.8115942028985508,
    "f1_score_yes": 0.717391304347826
}