{
    "f1_score_weighted": 0.765830476501424,
    "accuracy": 0.7681159420289855,
    "f1_score_no": 0.803921568627451,
    "f1_score_yes": 0.7163120567375887
}